{"learning rate": 0.0031300176032460127, "weight decay": 1.7701398566999492e-06}